sample-id	barcode-sequence	body-site	year	month	day	subject	reported-antibiotic-usage	days-since-experiment-start
#q2:types	categorical	categorical	numeric	numeric	numeric	categorical	categorical	numeric
A11	CAAGTTGCTAGG	soil	2020	10	28	subject-1	Yes	0
A21	CAAGTTGCTAGG	soil	2020	10	20	subject-1	No	84
A31	CAAGTTGCTAGG	soil	2020	10	17	subject-1	No	112
A12	CAAGTTGCTAGG	soil	2020	10	17	subject-1	No	140
A22	CAAGTTGCTAGG	soil	2020	10	20	subject-1	No	84
A32	CAAGTTGCTAGG	soil	2020	10	17	subject-1	No	112
B11	CAAGTTGCTAGG	soil	2020	10	17	subject-1	No	140
B21	CAAGTTGCTAGG	soil	2020	10	14	subject-1	No	168
B31	CAAGTTGCTAGG	soil	2020	10	28	subject-1	Yes	0
B12	CAAGTTGCTAGG	soil	2020	10	20	subject-1	No	84
B22	CAAGTTGCTAGG	soil	2020	10	17	subject-1	No	112
B32	CAAGTTGCTAGG	soil	2020	10	17	subject-1	No	140
C11	CAAGTTGCTAGG	soil	2020	10	14	subject-1	No	168
C21	CAAGTTGCTAGG	soil	2020	10	28	subject-1	Yes	0
C31	CAAGTTGCTAGG	soil	2020	10	20	subject-1	No	84
C12	CAAGTTGCTAGG	soil	2020	10	17	subject-1	No	112
C22	CAAGTTGCTAGG	soil	2020	10	17	subject-1	No	140
C32	CAAGTTGCTAGG	soil	2020	10	14	subject-1	No	168
D11	CAAGTTGCTAGG	soil	2020	10	28	subject-2	Yes	0
D21	CAAGTTGCTAGG	soil	2020	10	20	subject-2	No	84
D31	CAAGTTGCTAGG	soil	2020	10	17	subject-2	No	140
D12	CAAGTTGCTAGG	soil	2020	10	14	subject-2	No	168
D22	CAAGTTGCTAGG	soil	2020	10	28	subject-2	Yes	0
D32	CAAGTTGCTAGG	soil	2020	10	20	subject-2	No	84
E11	CAAGTTGCTAGG	soil	2020	10	17	subject-2	No	140
E21	CAAGTTGCTAGG	soil	2020	10	14	subject-2	No	168
E31	CAAGTTGCTAGG	soil	2020	10	28	subject-2	Yes	0
E12	CAAGTTGCTAGG	soil	2020	10	20	subject-2	No	84
E22	CAAGTTGCTAGG	soil	2020	10	17	subject-2	No	140
E32	CAAGTTGCTAGG	soil	2020	10	14	subject-2	No	168
F11	CAAGTTGCTAGG	soil	2020	10	28	subject-2	Yes	0
F21	CAAGTTGCTAGG	soil	2020	10	20	subject-2	No	84
F31	CAAGTTGCTAGG	soil	2020	10	17	subject-2	No	140
F12	CAAGTTGCTAGG	soil	2020	10	14	subject-2	No	168
F22	CAAGTTGCTAGG	soil	2020	10	11	subject-2	No	196
F32	CAAGTTGCTAGG	soil	2020	10	8	subject-2	No	224